2025-12-21_02-43-42,0,draft.py:2025-12-21_02-43-42
2025-12-21_02-46-56,0,draft.py:2025-12-21_02-46-56
2025-12-21_02-46-57,0,draft.py:2025-12-21_02-46-56
2025-12-21_03-06-06,0,draft.py:2025-12-21_03-06-06
2025-12-21_04-06-47,0,draft.py:2025-12-21_04-06-47
2025-12-21_17-41-47,0,draft.py:2025-12-21_04-06-47
2025-12-21_17-45-33,0,draft.py:2025-12-21_17-45-33
2025-12-21_17-57-33,0,draft.py:2025-12-21_17-57-33
2025-12-21_17-57-41,0,draft.py:2025-12-21_17-57-33
2025-12-21_17-57-42,---,draft.py:2025-12-21_17-57-33
2025-12-21_18-01-42,0,draft.py:2025-12-21_18-01-42
