2025-12-14_18-40-15,---,draft.py:2025-12-14_18-40-15
2025-12-14_18-40-24,0,draft.py:2025-12-14_18-40-15
2025-12-14_18-40-25,0,draft.py:2025-12-14_18-40-15
2025-12-14_18-46-46,0,draft.py:2025-12-14_18-46-46
2025-12-14_18-46-51,0,draft.py:2025-12-14_18-46-46
2025-12-14_18-51-29,0,draft.py:2025-12-14_18-51-29
2025-12-14_22-43-48,0,draft.py:2025-12-14_22-43-48
2025-12-14_22-50-07,100,draft.py:2025-12-14_22-50-07
2025-12-14_22-50-09,100,draft.py:2025-12-14_22-50-07
2025-12-14_22-50-10,100,draft.py:2025-12-14_22-50-07
2025-12-14_22-54-49,---,draft.py:2025-12-14_22-50-07
2025-12-14_23-33-56,0,draft.py:2025-12-14_23-33-56
2025-12-14_23-33-58,---,draft.py:2025-12-14_23-33-56
