2025-12-14_23-55-28,0,draft.py:2025-12-14_23-55-28
2025-12-15_00-07-04,0,draft.py:2025-12-15_00-07-04
2025-12-15_00-16-29,0,draft.py:2025-12-15_00-16-29
2025-12-15_00-16-34,0,draft.py:2025-12-15_00-16-29
2025-12-15_00-16-39,0,draft.py:2025-12-15_00-16-29
2025-12-15_00-27-38,0,draft.py:2025-12-15_00-27-38
2025-12-15_00-27-44,0,draft.py:2025-12-15_00-27-38
2025-12-15_00-41-36,0,draft.py:2025-12-15_00-41-36
2025-12-15_00-54-19,0,draft.py:2025-12-15_00-54-19
2025-12-15_01-00-44,0,draft.py:2025-12-15_01-00-44
2025-12-15_01-02-49,0,draft.py:2025-12-15_01-00-44
2025-12-15_01-31-32,0,draft.py:2025-12-15_01-31-32
2025-12-15_01-42-18,0,draft.py:2025-12-15_01-42-18
2025-12-15_02-08-56,0,draft.py:2025-12-15_02-08-56
2025-12-15_02-09-27,0,draft.py:2025-12-15_02-08-56
2025-12-15_02-17-18,0,draft.py:2025-12-15_02-17-18
2025-12-15_02-17-33,0,draft.py:2025-12-15_02-17-18
2025-12-15_02-18-58,0,draft.py:2025-12-15_02-18-58
2025-12-15_02-18-59,---,draft.py:2025-12-15_02-18-58
2025-12-15_02-26-26,0,draft.py:2025-12-15_02-26-26
2025-12-15_02-26-56,0,draft.py:2025-12-15_02-26-26
2025-12-15_02-34-57,0,draft.py:2025-12-15_02-34-57
2025-12-15_02-36-01,0,draft.py:2025-12-15_02-36-01
2025-12-15_02-36-26,0,draft.py:2025-12-15_02-36-26
2025-12-15_02-36-27,0,draft.py:2025-12-15_02-36-26
2025-12-15_02-36-27,0,draft.py:2025-12-15_02-36-26
2025-12-15_02-36-27,0,draft.py:2025-12-15_02-36-26
2025-12-15_02-36-28,0,draft.py:2025-12-15_02-36-26
2025-12-15_02-44-51,0,draft.py:2025-12-15_02-44-51
2025-12-15_02-45-23,100,draft.py:2025-12-15_02-45-23
2025-12-15_02-46-22,100,draft.py:2025-12-15_02-46-22
2025-12-15_02-47-32,100,draft.py:2025-12-15_02-46-22
2025-12-22_00-38-16,100,draft.py:2025-12-15_02-46-22
